{"name":"983c9b99-7b56-40d5-b23a-e0aee9b81ca7","id":"/providers/Microsoft.Flow/flows/983c9b99-7b56-40d5-b23a-e0aee9b81ca7","type":"Microsoft.Flow/flows","properties":{"apiId":"/providers/Microsoft.PowerApps/apis/shared_logicflows","displayName":"休暇報告（グループフォーム）","definition":{"metadata":{"workflowEntityId":null,"processAdvisorMetadata":null,"flowChargedByPaygo":null,"flowclientsuspensionreason":"None","flowclientsuspensiontime":null,"flowclientsuspensionreasondetails":null,"creator":{"id":"903b903c-4270-490b-96dc-cfa4706e026d","type":"User","tenantId":"a3e2c815-d19b-4e37-bea6-ea515fa40a25"},"provisioningMethod":"FromDefinition","failureAlertSubscription":true,"clientLastModifiedTime":"2024-05-12T12:37:48.6002945Z","connectionKeySavedTimeKey":"2024-05-12T12:37:48.6002945Z"},"$schema":"https://schema.management.azure.com/providers/Microsoft.Logic/schemas/2016-06-01/workflowdefinition.json#","contentVersion":"1.0.0.0","parameters":{"$connections":{"defaultValue":{},"type":"Object"},"$authentication":{"defaultValue":{},"type":"SecureObject"}},"triggers":{"新しい応答が送信されるとき":{"splitOn":"@triggerOutputs()?['body/value']","metadata":{"operationMetadataId":"c0375169-dcad-47d6-a334-d9a7ef11bd04"},"type":"OpenApiConnectionWebhook","inputs":{"host":{"apiId":"/providers/Microsoft.PowerApps/apis/shared_microsoftforms","connectionName":"shared_microsoftforms","operationId":"CreateFormWebhook"},"parameters":{"form_id":"Fcjio5vRN06-pupRX6QKJayMuPuapB5Plmm1Z4exx5JUNUxTODUzSkkzT0I3TThYWFAyV0pUOE5ONSQlQCN0PWcu"},"authentication":"@parameters('$authentication')"}}},"actions":{"応答の詳細を取得する":{"runAfter":{},"metadata":{"operationMetadataId":"28b15bc7-5780-4f79-8e19-6b0e18fcacdb"},"type":"OpenApiConnection","inputs":{"host":{"apiId":"/providers/Microsoft.PowerApps/apis/shared_microsoftforms","connectionName":"shared_microsoftforms","operationId":"GetFormResponseById"},"parameters":{"form_id":"Fcjio5vRN06-pupRX6QKJayMuPuapB5Plmm1Z4exx5JUNUxTODUzSkkzT0I3TThYWFAyV0pUOE5ONSQlQCN0PWcu","response_id":"@triggerOutputs()?['body/resourceData/responseId']"},"authentication":"@parameters('$authentication')"}},"ユーザー_プロフィールの取得_(V2)":{"runAfter":{"応答の詳細を取得する":["Succeeded"]},"metadata":{"operationMetadataId":"c615d33c-e766-4146-86f7-a09938999557"},"type":"OpenApiConnection","inputs":{"host":{"apiId":"/providers/Microsoft.PowerApps/apis/shared_office365users","connectionName":"shared_office365users","operationId":"UserProfile_V2"},"parameters":{"id":"@outputs('応答の詳細を取得する')?['body/responder']"},"authentication":"@parameters('$authentication')"}},"通常の休暇申請の場合":{"actions":{"表に行を追加":{"runAfter":{},"metadata":{"01JUTBMB4TLEFN7A6BYRDI2KUUEDR4MRMD":"/休暇報告(ITサポート本部).xlsx","operationMetadataId":"a5ed0f66-ad25-4088-99ad-af51b0aee68e","tableId":"{00000000-000C-0000-FFFF-FFFF00000000}"},"type":"OpenApiConnection","inputs":{"host":{"apiId":"/providers/Microsoft.PowerApps/apis/shared_excelonlinebusiness","connectionName":"shared_excelonlinebusiness","operationId":"AddRowV2"},"parameters":{"source":"sites/yazure1013gmail.sharepoint.com,49db2894-1d7b-4a51-9952-81051c967b0e,b40d9739-9ebb-494c-b416-e4dd6d5d521f","drive":"b!lCjbSXsdUUqZUoEFHJZ7DjmXDbS7nkxJtBbk3W1dUh--f_DPDqnLT6jgQoSXFkLq","file":"01JUTBMB4TLEFN7A6BYRDI2KUUEDR4MRMD","table":"{00000000-000C-0000-FFFF-FFFF00000000}","dateTimeFormat":"ISO 8601","item/ID":"@triggerOutputs()?['body/resourceData/responseId']","item/メール":"@outputs('応答の詳細を取得する')?['body/responder']","item/名前":"@outputs('ユーザー_プロフィールの取得_(V2)')?['body/displayName']","item/休暇形式を入力してください。":"@outputs('応答の詳細を取得する')?['body/ra70e7e0419fa45178c548dab5b7ed179']","item/休暇理由を入力してください（任意）":"@outputs('応答の詳細を取得する')?['body/r9e1d7b7b62c847639f4c73037f9e3b7d']","item/休暇取得日を選択してください。":"@outputs('応答の詳細を取得する')?['body/r3d7030c2598745cc8fba0df8db522275']","item/所属部署を選択してください。":"@outputs('応答の詳細を取得する')?['body/r874f80e77d834294afcdd67bd8b5afb3']"},"authentication":"@parameters('$authentication')"}},"表内に存在する行を一覧表示":{"runAfter":{"表に行を追加":["Succeeded"]},"metadata":{"01JUTBMB4TLEFN7A6BYRDI2KUUEDR4MRMD":"/休暇報告(ITサポート本部).xlsx","operationMetadataId":"607c0a61-94ba-4c65-9f46-5d80db53867c","tableId":"{59B211E6-3F9D-4422-B469-6500B8888F67}"},"type":"OpenApiConnection","inputs":{"host":{"apiId":"/providers/Microsoft.PowerApps/apis/shared_excelonlinebusiness","connectionName":"shared_excelonlinebusiness","operationId":"GetItems"},"parameters":{"source":"sites/yazure1013gmail.sharepoint.com,49db2894-1d7b-4a51-9952-81051c967b0e,b40d9739-9ebb-494c-b416-e4dd6d5d521f","drive":"b!lCjbSXsdUUqZUoEFHJZ7DjmXDbS7nkxJtBbk3W1dUh--f_DPDqnLT6jgQoSXFkLq","file":"01JUTBMB4TLEFN7A6BYRDI2KUUEDR4MRMD","table":"{59B211E6-3F9D-4422-B469-6500B8888F67}"},"authentication":"@parameters('$authentication')"}},"Apply_to_each":{"foreach":"@outputs('表内に存在する行を一覧表示')?['body/value']","actions":{"開始して承認を待機":{"runAfter":{},"metadata":{"operationMetadataId":"deacf5d9-26c4-4deb-803a-35b3a594a754"},"type":"OpenApiConnectionWebhook","inputs":{"host":{"apiId":"/providers/Microsoft.PowerApps/apis/shared_approvals","connectionName":"shared_approvals","operationId":"StartAndWaitForAnApproval"},"parameters":{"approvalType":"CustomResponse","WebhookApprovalCreationInput/responseOptions":["確認"],"WebhookApprovalCreationInput/title":"休暇申請(ITサポート本部)","WebhookApprovalCreationInput/assignedTo":"@{items('Apply_to_each')?['承認送信先']};","WebhookApprovalCreationInput/details":"お疲れ様です。@{outputs('ユーザー_プロフィールの取得_(V2)')?['body/displayName']}です。\n掲題の件について休暇申請します。\n\n休暇形式：@{outputs('表に行を追加')?['body/休暇形式を入力してください。']}\n休暇取得日：@{outputs('表に行を追加')?['body/休暇取得日を選択してください。']}\n休暇理由：@{outputs('表に行を追加')?['body/休暇理由を入力してください（任意）']}\n所属部署：@{outputs('表に行を追加')?['body/所属部署を選択してください。']}\n\n以上、よろしくお願いいたします。\n","WebhookApprovalCreationInput/enableNotifications":true,"WebhookApprovalCreationInput/enableReassignment":true},"authentication":"@parameters('$authentication')"}},"項目の作成":{"runAfter":{"開始して承認を待機":["Succeeded"]},"metadata":{"operationMetadataId":"d34d0dc2-7ddc-4676-89b3-6dbdd40d65e9"},"type":"OpenApiConnection","inputs":{"host":{"apiId":"/providers/Microsoft.PowerApps/apis/shared_sharepointonline","connectionName":"shared_sharepointonline","operationId":"PostItem"},"parameters":{"dataset":"https://yazure1013gmail.sharepoint.com/sites/msteams_84cb67","table":"67af7ecb-e180-4f22-a957-36c9a68c129b","item/field_8":"@outputs('表に行を追加')?['body/休暇取得日を選択してください。']","item/field_4":"@outputs('表に行を追加')?['body/名前']","item/field_6":"@outputs('表に行を追加')?['body/休暇形式を入力してください。']","item/field_7":"@outputs('表に行を追加')?['body/休暇理由を入力してください（任意）']","item/apploverstatus/Value":"@outputs('開始して承認を待機')?['body/outcome']","item/mail/Claims":"@outputs('表に行を追加')?['body/メール']"},"authentication":"@parameters('$authentication')"}},"アダプティブ_カードを使用してチャネルで返信する":{"runAfter":{"開始して承認を待機":["Succeeded"]},"metadata":{"operationMetadataId":"a6299611-fcbf-4f03-b686-484ba090ded0"},"type":"OpenApiConnection","inputs":{"host":{"apiId":"/providers/Microsoft.PowerApps/apis/shared_teams","connectionName":"shared_teams","operationId":"ReplyWithCardToConversation"},"parameters":{"poster":"Flow bot","location":"Channel","body/parentMessageId":"以下確認お願いします。\n■結果：\n@{outputs('開始して承認を待機')?['body/outcome']}\n■詳細：\n@{outputs('開始して承認を待機')?['body/details']}","body/recipient/groupId":"fbb88cac-a49a-4f1e-9669-b56787b1c792","body/recipient/channelId":"19:12f22021f5564701b7f04ea0c24c4870@thread.tacv2","body/messageBody":"@outputs('開始して承認を待機')?['body/title']"},"authentication":"@parameters('$authentication')"}}},"runAfter":{"表内に存在する行を一覧表示":["Succeeded"]},"metadata":{"operationMetadataId":"f8c4dd3d-8888-4350-8eae-b89b197df559"},"type":"Foreach"}},"runAfter":{"ユーザー_プロフィールの取得_(V2)":["Succeeded"]},"else":{"actions":{"表に行を追加_2":{"runAfter":{},"metadata":{"01JUTBMB2LU26NGF66AFFLCASSU5L5CWYA":"/休暇報告(営業部).xlsx","operationMetadataId":"7a6fbc90-b24e-4960-9f12-f7e9a5c4feaa","tableId":"{00000000-000C-0000-FFFF-FFFF00000000}"},"type":"OpenApiConnection","inputs":{"host":{"apiId":"/providers/Microsoft.PowerApps/apis/shared_excelonlinebusiness","connectionName":"shared_excelonlinebusiness","operationId":"AddRowV2"},"parameters":{"source":"sites/yazure1013gmail.sharepoint.com,49db2894-1d7b-4a51-9952-81051c967b0e,b40d9739-9ebb-494c-b416-e4dd6d5d521f","drive":"b!lCjbSXsdUUqZUoEFHJZ7DjmXDbS7nkxJtBbk3W1dUh--f_DPDqnLT6jgQoSXFkLq","file":"01JUTBMB2LU26NGF66AFFLCASSU5L5CWYA","table":"{00000000-000C-0000-FFFF-FFFF00000000}"},"authentication":"@parameters('$authentication')"}},"表内に存在する行を一覧表示_2":{"runAfter":{"表に行を追加_2":["Succeeded"]},"metadata":{"01JUTBMB2LU26NGF66AFFLCASSU5L5CWYA":"/休暇報告(営業部).xlsx","operationMetadataId":"483cfa3d-97cf-47a2-abbb-2efff00a59c8","tableId":"{04BBE73B-7E44-4E75-9025-0FE360294844}"},"type":"OpenApiConnection","inputs":{"host":{"apiId":"/providers/Microsoft.PowerApps/apis/shared_excelonlinebusiness","connectionName":"shared_excelonlinebusiness","operationId":"GetItems"},"parameters":{"source":"sites/yazure1013gmail.sharepoint.com,49db2894-1d7b-4a51-9952-81051c967b0e,b40d9739-9ebb-494c-b416-e4dd6d5d521f","drive":"b!lCjbSXsdUUqZUoEFHJZ7DjmXDbS7nkxJtBbk3W1dUh--f_DPDqnLT6jgQoSXFkLq","file":"01JUTBMB2LU26NGF66AFFLCASSU5L5CWYA","table":"{04BBE73B-7E44-4E75-9025-0FE360294844}"},"authentication":"@parameters('$authentication')"}},"Apply_to_each_2":{"foreach":"@outputs('表内に存在する行を一覧表示_2')?['body/value']","actions":{"開始して承認を待機_2":{"runAfter":{},"metadata":{"operationMetadataId":"1fb0e7cb-1bd4-47d7-9866-99d74c5fa6d0"},"type":"OpenApiConnectionWebhook","inputs":{"host":{"apiId":"/providers/Microsoft.PowerApps/apis/shared_approvals","connectionName":"shared_approvals","operationId":"StartAndWaitForAnApproval"},"parameters":{"approvalType":"CustomResponse","WebhookApprovalCreationInput/responseOptions":["確認"],"WebhookApprovalCreationInput/title":"休暇申請(営業部)","WebhookApprovalCreationInput/assignedTo":"@{items('Apply_to_each_2')?['承認送信先']};","WebhookApprovalCreationInput/details":"お疲れ様です。@{outputs('ユーザー_プロフィールの取得_(V2)')?['body/displayName']}です。\n掲題の件について休暇申請します。\n\n休暇形式：@{outputs('表に行を追加_2')?['body/休暇形式を入力してください。']}\n休暇取得日：@{outputs('表に行を追加_2')?['body/休暇取得日を選択してください。']}\n休暇理由：@{outputs('表に行を追加_2')?['body/休暇理由を入力してください（任意）']}\n所属部署：@{outputs('表に行を追加_2')?['body/所属部署を選択してください。']}\n\n以上、よろしくお願いいたします。","WebhookApprovalCreationInput/enableNotifications":true,"WebhookApprovalCreationInput/enableReassignment":true},"authentication":"@parameters('$authentication')"}},"項目の作成_2":{"runAfter":{"開始して承認を待機_2":["Succeeded"]},"metadata":{"operationMetadataId":"ce0a1f01-dd5b-46fb-af32-e000310f59a5"},"type":"OpenApiConnection","inputs":{"host":{"apiId":"/providers/Microsoft.PowerApps/apis/shared_sharepointonline","connectionName":"shared_sharepointonline","operationId":"PostItem"},"parameters":{"dataset":"https://yazure1013gmail.sharepoint.com/sites/msteams_84cb67","table":"67af7ecb-e180-4f22-a957-36c9a68c129b","item/field_8":"@outputs('表に行を追加_2')?['body/休暇取得日を選択してください。']","item/field_4":"@outputs('表に行を追加_2')?['body/名前']","item/field_6":"@outputs('表に行を追加_2')?['body/休暇形式を入力してください。']","item/field_7":"@outputs('表に行を追加_2')?['body/休暇理由を入力してください（任意）']","item/apploverstatus/Value":"@outputs('開始して承認を待機_2')?['body/outcome']","item/mail/Claims":"@outputs('表に行を追加_2')?['body/メール']"},"authentication":"@parameters('$authentication')"}},"アダプティブ_カードを使用してチャネルで返信する_2":{"runAfter":{"開始して承認を待機_2":["Succeeded"]},"metadata":{"operationMetadataId":"947903e9-d1f0-4817-ad02-79da1d8633f1"},"type":"OpenApiConnection","inputs":{"host":{"apiId":"/providers/Microsoft.PowerApps/apis/shared_teams","connectionName":"shared_teams","operationId":"ReplyWithCardToConversation"},"parameters":{"poster":"Flow bot","location":"Channel","body/parentMessageId":"以下確認お願いします。\n\n■結果：\n@{outputs('開始して承認を待機_2')?['body/outcome']}\n■詳細：\n@{outputs('開始して承認を待機_2')?['body/details']}","body/recipient/groupId":"fbb88cac-a49a-4f1e-9669-b56787b1c792","body/recipient/channelId":"19:12f22021f5564701b7f04ea0c24c4870@thread.tacv2","body/messageBody":"@outputs('開始して承認を待機_2')?['body/title']"},"authentication":"@parameters('$authentication')"}}},"runAfter":{"表内に存在する行を一覧表示_2":["Succeeded"]},"metadata":{"operationMetadataId":"c800a79c-38dc-4b3d-8c02-5760f6950b9e"},"type":"Foreach"}}},"expression":{"equals":["@outputs('応答の詳細を取得する')?['body/r874f80e77d834294afcdd67bd8b5afb3']","ITサポート本部"]},"metadata":{"operationMetadataId":"5a2e61c4-bc5b-4150-a480-c8e95f5da3f7"},"type":"If"},"休暇申請取り消しの場合":{"actions":{"ITサポート本部の行取得":{"runAfter":{},"metadata":{"01JUTBMB4TLEFN7A6BYRDI2KUUEDR4MRMD":"/休暇報告(ITサポート本部).xlsx","operationMetadataId":"6d3e7c2c-c993-403e-8636-c3177216a4b9","tableId":"{00000000-000C-0000-FFFF-FFFF00000000}"},"type":"OpenApiConnection","inputs":{"host":{"apiId":"/providers/Microsoft.PowerApps/apis/shared_excelonlinebusiness","connectionName":"shared_excelonlinebusiness","operationId":"GetItems"},"parameters":{"source":"sites/yazure1013gmail.sharepoint.com,49db2894-1d7b-4a51-9952-81051c967b0e,b40d9739-9ebb-494c-b416-e4dd6d5d521f","drive":"b!lCjbSXsdUUqZUoEFHJZ7DjmXDbS7nkxJtBbk3W1dUh--f_DPDqnLT6jgQoSXFkLq","file":"01JUTBMB4TLEFN7A6BYRDI2KUUEDR4MRMD","table":"{00000000-000C-0000-FFFF-FFFF00000000}"},"authentication":"@parameters('$authentication')"}},"Apply_to_each_3":{"foreach":"@outputs('ITサポート本部の行取得')?['body/value']","actions":{"ITサポート本部の項目更新":{"runAfter":{},"metadata":{"operationMetadataId":"9c0138af-6365-4c6a-9d0a-06eb5e7f76f2"},"type":"OpenApiConnection","inputs":{"host":{"apiId":"/providers/Microsoft.PowerApps/apis/shared_sharepointonline","connectionName":"shared_sharepointonline","operationId":"PatchItem"},"parameters":{"dataset":"https://yazure1013gmail.sharepoint.com/sites/msteams_84cb67","table":"67af7ecb-e180-4f22-a957-36c9a68c129b","id":"@triggerOutputs()?['body/resourceData/responseId']","item/apploverstatus/Value":"休暇取り消し","item/mail/Claims":"@items('Apply_to_each_3')?['メール']"},"authentication":"@parameters('$authentication')"}}},"runAfter":{"ITサポート本部の行取得":["Succeeded"]},"metadata":{"operationMetadataId":"19f9fee7-3a22-4e49-82d0-ce56130d6ead"},"type":"Foreach"}},"runAfter":{"ユーザー_プロフィールの取得_(V2)":["Succeeded"]},"expression":{"and":[{"equals":["@outputs('応答の詳細を取得する')?['body/ra70e7e0419fa45178c548dab5b7ed179']","休暇申請取り消し"]},{"equals":["@outputs('応答の詳細を取得する')?['body/r874f80e77d834294afcdd67bd8b5afb3']","ITサポート本部"]}]},"metadata":{"operationMetadataId":"ec262b35-58eb-46be-9c4f-9340edd8d129"},"type":"If"},"休暇申請取り消しの場合（営業部）":{"actions":{"営業部の行取得":{"runAfter":{},"metadata":{"01JUTBMB2LU26NGF66AFFLCASSU5L5CWYA":"/休暇報告(営業部).xlsx","operationMetadataId":"15e4baef-b659-4f38-8c4d-6ba0050a431e","tableId":"{00000000-000C-0000-FFFF-FFFF00000000}"},"type":"OpenApiConnection","inputs":{"host":{"apiId":"/providers/Microsoft.PowerApps/apis/shared_excelonlinebusiness","connectionName":"shared_excelonlinebusiness","operationId":"GetItems"},"parameters":{"source":"sites/yazure1013gmail.sharepoint.com,49db2894-1d7b-4a51-9952-81051c967b0e,b40d9739-9ebb-494c-b416-e4dd6d5d521f","drive":"b!lCjbSXsdUUqZUoEFHJZ7DjmXDbS7nkxJtBbk3W1dUh--f_DPDqnLT6jgQoSXFkLq","file":"01JUTBMB2LU26NGF66AFFLCASSU5L5CWYA","table":"{00000000-000C-0000-FFFF-FFFF00000000}"},"authentication":"@parameters('$authentication')"}},"Apply_to_each_4":{"foreach":"@outputs('営業部の行取得')?['body/value']","actions":{"項目の更新":{"runAfter":{},"metadata":{"operationMetadataId":"96cd3e18-98c7-49e8-88f1-c00a81aa4c44"},"type":"OpenApiConnection","inputs":{"host":{"apiId":"/providers/Microsoft.PowerApps/apis/shared_sharepointonline","connectionName":"shared_sharepointonline","operationId":"PatchItem"},"parameters":{"dataset":"https://yazure1013gmail.sharepoint.com/sites/msteams_84cb67","table":"67af7ecb-e180-4f22-a957-36c9a68c129b","id":"@triggerOutputs()?['body/resourceData/responseId']","item/apploverstatus/Value":"休暇取り消し","item/mail/Claims":"@items('Apply_to_each_4')?['メール']"},"authentication":"@parameters('$authentication')"}}},"runAfter":{"営業部の行取得":["Succeeded"]},"metadata":{"operationMetadataId":"40513b77-a5a2-4ed7-b3ab-aadf738f39b9"},"type":"Foreach"}},"runAfter":{"ユーザー_プロフィールの取得_(V2)":["Succeeded"]},"expression":{"and":[{"equals":["@outputs('応答の詳細を取得する')?['body/ra70e7e0419fa45178c548dab5b7ed179']","休暇申請取り消し"]},{"equals":["@outputs('応答の詳細を取得する')?['body/r874f80e77d834294afcdd67bd8b5afb3']","営業部"]}]},"metadata":{"operationMetadataId":"765a3172-1b81-493f-ba8b-2782d46276ad"},"type":"If"}}},"connectionReferences":{"shared_microsoftforms":{"connectionName":"shared-microsoftform-d45592f6-f5a0-4424-a9b6-b0b173f2915a","source":"Embedded","id":"/providers/Microsoft.PowerApps/apis/shared_microsoftforms","tier":"NotSpecified"},"shared_office365users":{"connectionName":"shared-office365user-e4a0a385-3eb2-4a3e-9ca4-8a5a40debe75","source":"Embedded","id":"/providers/Microsoft.PowerApps/apis/shared_office365users","tier":"NotSpecified"},"shared_excelonlinebusiness":{"connectionName":"shared-excelonlinebu-ee222488-89c9-4bad-865c-4f6a4ca2c455","source":"Embedded","id":"/providers/Microsoft.PowerApps/apis/shared_excelonlinebusiness","tier":"NotSpecified"},"shared_approvals":{"connectionName":"000c4b9a04ed4856a1182cfdb9081ef6","source":"Embedded","id":"/providers/Microsoft.PowerApps/apis/shared_approvals","tier":"NotSpecified"},"shared_sharepointonline":{"connectionName":"shared-sharepointonl-4394a198-4a3e-4997-806d-a657b4d2c7b8","source":"Embedded","id":"/providers/Microsoft.PowerApps/apis/shared_sharepointonline","tier":"NotSpecified"},"shared_teams":{"connectionName":"shared-teams-be54d059-7c0b-4ac9-b988-897b91aaf178","source":"Embedded","id":"/providers/Microsoft.PowerApps/apis/shared_teams","tier":"NotSpecified"}},"flowFailureAlertSubscribed":false,"isManaged":false}}